{
  "_viz_0": {
    "cls": "Value", 
    "label_visible": true, 
    "legend": false, 
    "legend_labels": [
      "label_0"
    ], 
    "obj": "a", 
    "pos": {
      "height": 70.33997655334115, 
      "left": 462.75848551210237, 
      "top": 537.2548882310801, 
      "width": 50.16722408026756
    }, 
    "synapse": 0.01, 
    "ylim": [
      -1, 
      1
    ]
  }, 
  "_viz_1": {
    "cls": "Slider", 
    "label_visible": true, 
    "obj": "stim", 
    "pos": {
      "height": 90.67509346098738, 
      "left": 113.95125886942171, 
      "top": 300.3088766314966, 
      "width": 32.33522354607953
    }, 
    "ylim": [
      -1, 
      1
    ]
  }, 
  "a": {
    "cls": "Ensemble", 
    "label_visible": true, 
    "pos": {
      "height": 150.0, 
      "left": 464.9297725782068, 
      "top": 297.2797471961704, 
      "width": 90.9090909090909
    }
  }, 
  "model": {
    "cls": "Network", 
    "expanded": true, 
    "has_layout": true, 
    "label_visible": true, 
    "pos": {
      "height": 427.66482044540237, 
      "left": 231.03431258051188, 
      "top": 100.53641766478532, 
      "width": 427.66482044540237
    }
  }, 
  "stim": {
    "cls": "Node", 
    "label_visible": true, 
    "pos": {
      "height": 120.0, 
      "left": 118.18181818181817, 
      "top": 300.0, 
      "width": 72.72727272727272
    }
  }
}