{
  "_viz_0": {
    "cls": "Slider",
    "label": "_viz_0",
    "obj": "stim",
    "pos": {
      "height": 0.15631105900742479,
      "width": 0.056211354693648116,
      "left": 0.013331633126704564,
      "top": 0.9266777774469566
    },
    "ylim": [
      -1,
      1
    ]
  },
  "_viz_1": {
    "cls": "Value",
    "label": "_viz_1",
    "legend": false,
    "legend_labels": [
      "label_0"
    ],
    "obj": "a",
    "pos": {
      "height": 0.15631105900742479,
      "width": 0.11242270938729623,
      "left": 0.7566623456266636,
      "top": 1.076554956024495
    },
    "synapse": 0.01,
    "ylim": [
      -1,
      1
    ]
  },
  "_viz_2": {
    "cls": "Raster",
    "label": "_viz_2",
    "n_neurons": 10,
    "obj": "a",
    "pos": {
      "height": 0.15631105900742479,
      "width": 0.11242270938729623,
      "left": 0.761159254002155,
      "top": 0.3215725410186248
    }
  },
  "_viz_3": {
    "cls": "SpikeGrid",
    "label": "_viz_3",
    "obj": "a",
    "pos": {
      "height": 0.15631105900742479,
      "width": 0.11242270938729623,
      "left": 0.7622834810960266,
      "top": 0.6857773085059296
    }
  },
  "a": {
    "cls": "Ensemble",
    "pos": {
      "height": 0.1,
      "width": 0.1,
      "left": 0.4745375564192452,
      "top": 0.459165350709913
    }
  },
  "model": {
    "cls": "Network",
    "expanded": true,
    "has_layout": true,
    "pos": {
      "height": 0.75,
      "width": 0.75,
      "left": 0.18240584598088863,
      "top": -0.029973270808909668
    }
  },
  "stim": {
    "cls": "Node",
    "pos": {
      "height": 0.1,
      "width": 0.1,
      "left": 0.01338784448139807,
      "top": 0.6203471795571499
    }
  }
}
