{
  "_viz_0": {
    "cls": "Slider", 
    "label": "_viz_0", 
    "obj": "stim_b", 
    "pos": {
      "height": 0.173906, 
      "width": 0.0569738, 
      "x": -0.181332, 
      "y": 0.989538
    }, 
    "ylim": [
      -1, 
      1
    ]
  }, 
  "_viz_1": {
    "cls": "Slider", 
    "label": "_viz_1", 
    "obj": "stim_a", 
    "pos": {
      "height": 0.173906, 
      "width": 0.0569738, 
      "x": -0.183611, 
      "y": 0.0835091
    }, 
    "ylim": [
      -1, 
      1
    ]
  }, 
  "_viz_2": {
    "cls": "Value", 
    "label": "_viz_2", 
    "obj": "c", 
    "pos": {
      "height": 0.173906, 
      "width": 0.113948, 
      "x": 0.83125, 
      "y": 0.321147
    }, 
    "ylim": [
      -1, 
      1
    ]
  }, 
  "_viz_3": {
    "cls": "Value", 
    "label": "_viz_3", 
    "obj": "a", 
    "pos": {
      "height": 0.173906, 
      "width": 0.113948, 
      "x": 0.541287, 
      "y": 0.000904821
    }, 
    "ylim": [
      -1, 
      1
    ]
  }, 
  "_viz_4": {
    "cls": "Value", 
    "label": "_viz_4", 
    "obj": "b", 
    "pos": {
      "height": 0.173906, 
      "width": 0.113948, 
      "x": 0.503087, 
      "y": 1.08427
    }, 
    "ylim": [
      -1, 
      1
    ]
  }, 
  "_viz_5": {
    "cls": "Value", 
    "label": "_viz_5", 
    "obj": "d", 
    "pos": {
      "height": 0.173906, 
      "width": 0.113948, 
      "x": 1.1082, 
      "y": 0.918409
    }, 
    "ylim": [
      -1, 
      1
    ]
  }, 
  "a": {
    "cls": "Ensemble", 
    "pos": {
      "height": 0.15268966928818553, 
      "width": 0.1045819652658805, 
      "x": 0.3071136331212679, 
      "y": 0.09339768677100643
    }
  }, 
  "b": {
    "cls": "Ensemble", 
    "pos": {
      "height": 0.15268966928818553, 
      "width": 0.1045819652658805, 
      "x": 0.2717899036590758, 
      "y": 0.9858844553210839
    }
  }, 
  "c": {
    "cls": "Ensemble", 
    "pos": {
      "height": 0.15268966928818553, 
      "width": 0.1045819652658805, 
      "x": 0.6787230132831809, 
      "y": 0.5518145070940784
    }
  }, 
  "d": {
    "cls": "Ensemble", 
    "pos": {
      "height": 0.15268966928818553, 
      "width": 0.1045819652658805, 
      "x": 1.0970508743467027, 
      "y": 0.5518145070940784
    }
  }, 
  "model": {
    "cls": "Network", 
    "expanded": true, 
    "has_layout": true, 
    "pos": {
      "height": 0.6549231553528394, 
      "width": 0.6549231553528394, 
      "x": 0.2729728706363317, 
      "y": 0.2116338393468492
    }
  }, 
  "stim_a": {
    "cls": "Node", 
    "pos": {
      "height": 0.12215173543054843, 
      "width": 0.08366557221270439, 
      "x": -0.02192932625257712, 
      "y": 0.10209299823388712
    }
  }, 
  "stim_b": {
    "cls": "Node", 
    "pos": {
      "height": 0.12215173543054843, 
      "width": 0.08366557221270439, 
      "x": -0.03332407769199389, 
      "y": 0.9737110192730507
    }
  }
}